<?xml version="1.0" encoding="UTF-8"?>
<project-private xmlns="http://www.netbeans.org/ns/project-private/1">
    <editor-bookmarks xmlns="http://www.netbeans.org/ns/editor-bookmarks/2" lastBookmarkId="0"/>
    <open-files xmlns="http://www.netbeans.org/ns/projectui-open-files/2">
        <group>
            <file>file:/home/ismael/Github-Blog/Asignaturas/Tercer%20Año/PDOO/Practica/Proyecto_Irrgarten/Proyecto_Irrgarten/SUBIR_A_PRADO/PROYECTO_MOVIMIENTOS_PREDEFINIDOS/P5-java/src/irrgarten/Main.java</file>
            <file>file:/home/ismael/Github-Blog/Asignaturas/Tercer%20Año/PDOO/Practica/Proyecto_Irrgarten/Proyecto_Irrgarten/SUBIR_A_PRADO/PROYECTO_MOVIMIENTOS_PREDEFINIDOS/P5-java/src/irrgarten/UI/TextUI.java</file>
            <file>file:/home/ismael/Github-Blog/Asignaturas/Tercer%20Año/PDOO/Practica/Proyecto_Irrgarten/Proyecto_Irrgarten/SUBIR_A_PRADO/PROYECTO_MOVIMIENTOS_PREDEFINIDOS/P5-java/src/irrgarten/controller/Controller.java</file>
        </group>
    </open-files>
</project-private>
